contact,clients,deposits,conversion,cost,revenue,profit,roi,profit_per_client
cellular,26144,3853,0.14737607099143207,78432,308240,229808,2.9300285597715217,8.790085679314565
telephone,15044,787,0.05231321457059293,45132,62960,17828,0.3950190552158114,1.1850571656474342
