contact,clients,deposits,conversion,client_share,deposit_share
cellular,26144,3853,0.14737607099143207,0.6347479848499563,0.8303879310344827
telephone,15044,787,0.05231321457059293,0.3652520151500437,0.16961206896551725
