education,clients,deposits,conversion,client_share,deposit_share
illiterate,18,4,0.2222222222222222,0.0004370204914052637,0.0008620689655172414
unknown,1731,251,0.14500288850375506,0.042026803923472855,0.054094827586206894
university.degree,12168,1670,0.13724523339907954,0.29542585218995826,0.3599137931034483
professional.course,5243,595,0.11348464619492657,0.12729435757987764,0.12823275862068967
high.school,9515,1031,0.10835522858644246,0.23101388754006022,0.22219827586206897
basic.4y,4176,428,0.1024904214559387,0.10138875400602117,0.09224137931034483
basic.6y,2292,188,0.08202443280977312,0.055647275905603574,0.04051724137931034
basic.9y,6045,473,0.0782464846980976,0.14676604836360105,0.1019396551724138
