poutcome,clients,deposits,conversion,cost,revenue,profit,roi,profit_per_client
nonexistent,35563,3141,0.08832213255349661,106689,251280,144591,1.355256868093243,4.065770604279729
success,1373,894,0.651128914785142,4119,71520,67401,16.363437727603788,49.090313182811364
failure,4252,605,0.1422859830667921,12756,48400,35644,2.794292881781123,8.382878645343368
