poutcome,clients,deposits,conversion,client_share,deposit_share
success,1373,894,0.651128914785142,0.033334951927745944,0.19267241379310346
failure,4252,605,0.1422859830667921,0.10323395163639895,0.13038793103448276
nonexistent,35563,3141,0.08832213255349661,0.8634310964358551,0.6769396551724138
