column,unknown_count,unknown_share
default,8597,0.20872584247839177
education,1731,0.042026803923472855
housing,990,0.0240361270272895
loan,990,0.0240361270272895
job,330,0.008012042342429833
marital,80,0.0019423132951345051
contact,0,0.0
month,0,0.0
day_of_week,0,0.0
poutcome,0,0.0
y,0,0.0
